Sinic,Sino,abili,abl,acid,acr,acri,acrid,acro,act,acu,aem,aer,aeri,aero,ag,agog,agogue,agon,agr,agri,agro,al,al(ter),alb,alg,ali,allo,alt,alter,altern,am,amat,ambul,amor,ampl,anci,andr,andro,angul,anim,ann,anth,anthrop,anti,antiq,apt,aqu,aqua,arbit,arc,arch,archae,archy,arm,art,arteri,aster,astr,astro,athl,audi,audit,aug,aur,av,avar,avi,ball,balm,ban,bar,barr,bas,base,bat,bel,bell,bi,biblio,bio,blanc,blast,bol,brace,braid,brev,bridg,bu,burs,cac,cad,calc,calori,camp,cand,cant,cap,capt,car,card,carn,carp,cas,cast,cav,ced,ceed,ceive,celer,cens,cent,centr,cephal,cept,cern,cert,cess,char,chart,chir,chlor,chor,chrom,chron,cid,cil,cip,cipit,circ,cis,cit,civ,claim,clair,clam,clar,clear,clin,cliv,clos,clud,clus,coct,cogn,colon,com,commod,cond,contra,cord,corn,corp,corpor,cosm,counter,cour,cours,cover,cracy,crani,crat,cre,creas,cred,creed,cresc,cret,crim,cris,crit,cruc,crus,crux,cry,cryo,crypt,cub,culp,cult,cumb,cumber,cup,cur,cur(r),curr,curs,cuss,custom,cyan,cyc,cycl,cyn,cyte,dactyl,dec,decor,dei,dem,demn,dendr,dens,dent,derm,dermat,dexter,dextr,di,dic,dict,dign,dit,divid,divin,divis,doc,doct,dogma,dole,dom,don,dorm,dot,doub,dow,dox,draw,drom,du,dub,duc,duct,dur,dyn,dynam,eco,ed,ego,electr,em,emper,empt,enn,enter,entomo,ept,equ,equi,erg,err,ert,ess,esthet,esti,ethno,ev,exter,extr,fabl,fabric,fabul,fac,fact,fail,fall,fault,febri,fect,feder,femin,fend,fens,fer,ferr,ferv,fess,fest,fibr,fic,fict,fid,fig,fil,fili,fin,firm,fisc,fiss,fix,flagr,flam,flat,flect,flex,flict,flor,flour,flu,foli,forc,form,fort,fortu,found,fract,frag,frater,freeze,frig,friger,front,fruct,fug,fum,funct,fund,fus,galact,gam,gamy,gar,garn,gastr,gen,gener,genit,geo,ger,germ,gest,gister,glaci,gloss,glot,gnor,gnos,gon,grad,gram,gran,grand,graph,grat,grav,gravat,gree,greg,gress,griev,gubern,gymn,gyn,gynec,gyr,habit,haem,hal,hap,haust,hav,head,hedron,heli,helic,her,herb,here,hes,heter,hibit,hilar,hipp,holo,homo,hor,horr,hort,hospit,host,hum,hydr,hydro,hypn,hypno,ichthy,idea,ideo,idio,idol,imag,imit,imper,insul,integr,iod,isl,iso,it,jac,ject,joc,join,journ,jud,judg,judic,jug,junct,jur,juris,juven,labi,labor,lact,langu,lapid,laps,laryng,lat,late,later,latry,lav,lax,lect,leg,legis,leuc,lev,lex,lexic,liber,libr,lic,licen,liev,lig,lim,limin,line,lingu,linqu,lips,liqu,liter,lith,loc,locut,log,logu,logy,long,loqu,luc,lud,lumin,lun,lus,lust,lustr,lut,luv,lys,lysis,mach,macro,magn,main,maj,mamm,man,mancy,mand,manu,mar(in),mari,mark,matern,matr,meas,mech,med,medi,mega,melan,memor,mend,mens,ment,merc,merch,merg,mers,meso,meter,metr,micro,migr,milit,min,mini,minu,mir,mis,misc,miser,miso,miss,mit,mixt,mnem,mnes,mob,mod,moll,mon,monit,monstr,mor,mord,morph,mors,mort,mot,mount,mum,muni,mur,mus,mut,myst,nat,naus,naut,nav,necro,nect,neg,negr,nerv,neur,nex,nigr,nigri,nihil,noc,noct,nom,nom(in),nomin,norm,nost,not,nounce,nov,nox,nucle,null,numer,nunci,nutri,nutrit,ocul,od,odont,olig,ology,oner,onym,oo,oper,ophio,ophthalm,opt,optim,opto,ora,oram,orat,orbit,ordin,ori,orig,orn,ornitho,oss,osteo,ot,pac,pact,paleo,palp,par,parl,part,pass,pater,path,patr,pear,ped,pel,pen,pend,penn,pens,peps,pept,peri,pet,petit,petr,phag,phan,phil,philo,phob,phobia,phon,phor,phos,phot,photo,phyll,phyt,pict,pinn,pisc,pisci,plac,place,plain,plaint,plannt,plant,plat,plaud,ple,plen,plet,plex,pli,plic,plod,plor,ploy,plumb,pluto,ply,point,polic,polis,polit,pon,pond,popul,porc,port,pos,pos(it),posit,post,poster,pot,poten,potent,pound,prais,prec,preci,preda,prehend,prehens,press,prim,pris,priv,proach,prob,prol,proper,propri,prot,prov,proxim,psych,pter,publ,pud,pudi,pugn,puls,pun,punct,pur,purg,put,putr,pyro,quaint,quer,quest,qui,quie,quiet,quir,quis,quit,rad,radi,radic,rage,range,rap,rapt,ras,rat,rav,rect,reg,rend,rept,rhin,rhizo,rhythm,rid,ris,robor,rod,rog,ros,rot,rrhag,rub,rud,rupt,rur,rust,s,sacr,sag,sal,salv,san,sanct,sanguin,sanit,sarco,sat,sati,satis,satur,save,scal,scend,scens,scent,sci,sclero,scope,scrib,script,sect,secut,sed,seg,seism,selen,sem,sembl,semin,sen,sens,sent,sequ,serr,sert,serv,sess,set,sever,sid,sie,sight,sign,sim,simil,simul,sinu,sist,sit,soci,sol,solu,solut,solv,som,somn,son,soph,sort,spars,spec(t),speci,spect,sper,spers,spher,spic,spin,spir,splend,spon,spond,spons,st,sta,stall,stan,stant,stat,stell,stereo,stigma,still,stimul,stin,stinct,sting,stit,stitut,stoma,strain,strat,strict,string,stru(ct),struct,sua,sult,sum,sume,summ,sumpt,sur,surg,tach,tact,tag,tail,tain,tang ,tard,techn,tect,tele,temn,temper,tempor,tempt,ten,tend,tens,tent,tenu,term,termin,terr,test,text,the,therm,thes,thesis,thet,tig,tim,tin,ting,tinu,tir,toler,tom,tomy,ton,torn,tors,tort,touch,tour,tox,tract,treat,trem,trench,tri,tribut,tric,trit,trop,troph,tru,trud,trude,trus,tuit,tum,turb,tut,twine,typ,ultim,umbr,un,und,uni,up,ur,urb,urin,us,util,vac,vacu,vad,vade,vag,vagr,vail,val,valu,van,vapor,vari,vary,vas,veg,veil,ven,veng,venge,vent,ver,verb,verg,vermi,vers,vert,vest,vestig,vey,vi,via,vibr,vict,vid,vig,vil,vinc,vind,viol,vir,vis,vit,viv,voc,void,vok,vol,volt,volu,volunt,volut,volv,vor,vot,voy,vulg,vuls,vult,ware,xantho,xero,xylo,zeal,zoo,